{
  "project_info": {
    "project_number": "76825932146",
    "project_id": "fast-table-835f7",
    "storage_bucket": "fast-table-835f7.appspot.com"
  },
  "client": [
    {
      "client_info": {
        "mobilesdk_app_id": "1:76825932146:android:89bedc2ae82316ae496deb",
        "android_client_info": {
          "package_name": "com.example.fasttable"
        }
      },
      "oauth_client": [
        {
          "client_id": "76825932146-ncla0cvol7latj3mql85n2vse7bdm97i.apps.googleusercontent.com",
          "client_type": 3
        }
      ],
      "api_key": [
        {
          "current_key": "AIzaSyBlzegGd0N_Hqgg4OgC6cNQVUtWjTNy2Sk"
        }
      ],
      "services": {
        "appinvite_service": {
          "other_platform_oauth_client": [
            {
              "client_id": "76825932146-ncla0cvol7latj3mql85n2vse7bdm97i.apps.googleusercontent.com",
              "client_type": 3
            }
          ]
        }
      }
    }
  ],
  "configuration_version": "1"
}